Time (s),Airspeed Input (m/s),Distance Output (m),Altitude (m),Actual Airspeed (m/s)
0.0,12.0,46.192535808384164,20.247,14.757613182067871
0.20117926597595215,12.0,45.62029167474048,20.303,14.714118957519531
0.402416467666626,12.0,47.22003005177084,20.303,14.714118957519531
0.6039955615997314,12.0,46.70303925333277,20.359,14.640457153320312
0.8057904243469238,12.0,46.34125640219139,20.399,14.16403865814209
1.0072367191314697,12.0,46.1347896515988,20.402,13.715072631835938
1.2084274291992188,12.0,46.07224191462435,20.354,13.09597110748291
1.4098803997039795,12.0,49.271770845304516,20.354,13.09597110748291
1.6112096309661865,12.0,49.28685001537592,20.248,12.77916145324707
1.8127543926239014,12.0,49.35736858815737,20.086,12.413060188293457
2.0138282775878906,12.0,49.461169420120314,19.878,12.243291854858398
2.2152090072631836,12.0,52.66080499476524,19.878,12.243291854858398
2.4164302349090576,12.0,51.06503192135017,19.636,12.429713249206543
2.617427110671997,12.0,50.82507523513609,19.402,12.944414138793945
2.8184659481048584,12.0,50.46324025798018,19.216,13.601401329040527
3.019991874694824,12.0,53.66292767224127,19.216,13.601401329040527
3.2214372158050537,12.0,53.19025365776115,19.107,13.969460487365723
3.423322916030884,12.0,52.65106919805647,19.087,14.380546569824219
3.6249706745147705,12.0,52.078635552247334,19.146,14.555500030517578
3.8273873329162598,12.0,55.27832034006316,19.146,14.555500030517578
4.028505086898804,12.0,54.705962522350866,19.268,14.672255516052246
4.229730129241943,12.0,52.5671292745371,19.432,14.663092613220215
4.431490659713745,12.0,52.061407423950264,19.615,14.51922607421875
4.632964372634888,12.0,55.261059354227534,19.615,14.51922607421875
4.834420442581177,12.0,54.81076876939151,19.798,14.381912231445312
5.035429954528809,12.0,54.41596702277617,19.964,14.143041610717773
5.236825227737427,12.0,54.087620028835694,20.101,13.974589347839355
5.437925815582275,12.0,57.28725336571457,20.101,13.974589347839355
5.63918924331665,12.0,57.00328222557482,20.201,13.693002700805664
5.840618133544922,12.0,55.174908369081436,20.26,13.538151741027832
6.041962623596191,12.0,54.99066565735839,20.278,13.331925392150879
6.24345326423645,12.0,58.19030126379354,20.278,13.331925392150879
6.444878101348877,12.0,58.02819537771802,20.258,13.227914810180664
6.645923614501953,12.0,57.88828366597642,20.204,13.079904556274414
6.847200155258179,12.0,57.75947173240683,20.123,13.022819519042969
7.048740863800049,12.0,60.95913078279631,20.123,13.022819519042969
7.249905586242676,12.0,60.83037456321443,20.023,12.99497127532959
7.45108437538147,12.0,59.09069249497297,19.911,12.990690231323242
7.652437210083008,12.0,58.95084294542696,19.795,13.038321495056152
7.8538806438446045,12.0,62.150511039974305,19.795,13.038321495056152
8.054938793182373,12.0,61.98851757886638,19.683,13.079972267150879
8.256262063980103,12.0,61.815429547815086,19.579,13.137910842895508
8.457464218139648,12.0,61.63129050715919,19.487,13.189663887023926
8.659166097640991,12.0,64.83095951712289,19.487,13.189663887023926
8.860824823379517,12.0,64.63572508125199,19.412,13.254837989807129
9.062120199203491,12.0,64.41834856493479,19.353,13.285224914550781
9.26339602470398,12.0,62.60114906843434,19.31,13.319452285766602
9.464423418045044,12.0,65.80080776918244,19.31,13.319452285766602
9.665478467941284,12.0,65.58349129369495,19.282,13.32813549041748
9.867314577102661,12.0,65.36607854345228,19.266,13.33487319946289
10.068336725234985,12.0,65.14872260524542,19.259,13.332173347473145
10.26941180229187,12.0,68.34837017430418,19.259,13.332173347473145
10.470438241958618,12.0,68.13095917895672,19.26,13.319781303405762
10.671849250793457,12.0,67.93573880440977,19.265,13.2985200881958
10.872920274734497,12.0,67.72942550856477,19.272,13.273368835449219
11.074117660522461,12.0,69.32924693731427,19.272,13.273368835449219
11.275447130203247,12.0,69.14506596951325,19.279,13.255072593688965
11.477233409881592,12.0,68.96082933699331,19.284,13.22487735748291
11.678905010223389,12.0,68.78774280603008,19.284,13.194351196289062
11.880122661590576,12.0,71.98739135744606,19.284,13.194351196289062
12.081320762634277,12.0,71.84753586330709,19.278,13.12147331237793
12.282643795013428,12.0,71.71877588692426,19.269,13.109423637390137
12.483846426010132,12.0,71.60116164653775,19.255,13.084565162658691
12.685738563537598,12.0,74.80081889725592,19.255,13.084565162658691
12.88768720626831,12.0,73.08332628205324,19.238,13.059310913085938
13.089030265808105,12.0,72.9657119261304,19.217,13.056673049926758
13.290487051010132,12.0,72.85924146806461,19.195,13.035584449768066
13.491743326187134,12.0,76.05890032137494,19.195,13.035584449768066
13.692790269851685,12.0,75.94128594378645,19.169,13.031533241271973
13.894459009170532,12.0,75.8237200655305,19.143,13.029336929321289
14.096328735351562,12.0,75.69506089994938,19.118,13.023046493530273
14.297383069992065,12.0,77.29488951230812,19.118,13.023046493530273
14.498430013656616,12.0,77.17737589246236,19.096,12.997528076171875
14.700436115264893,12.0,77.0487723607988,19.074,13.0084867477417
14.901475429534912,12.0,76.92011819157366,19.053,13.019041061401367
15.102871179580688,12.0,80.11976743842598,19.053,13.019041061401367
15.303957462310791,12.0,79.9911121503152,19.034,12.988604545593262
15.50542688369751,12.0,79.86245809234293,19.02,12.993181228637695
15.706449747085571,12.0,79.73380526910412,19.009,13.000030517578125
15.907805919647217,12.0,81.33362806806551,19.009,13.000030517578125
16.10915756225586,12.0,81.20491983490706,19.002,12.9838285446167
16.310434818267822,12.0,81.0873616618288,18.998,12.994821548461914
16.512072563171387,12.0,80.95859795245852,18.994,12.962573051452637
16.71308445930481,12.0,80.84098430631214,18.991,12.933208465576172
16.91520094871521,12.0,84.04063260053013,18.991,12.933208465576172
17.117067098617554,12.0,83.92296614969301,18.988,12.925287246704102
17.318241596221924,12.0,83.8053005601452,18.988,12.924286842346191
17.519731044769287,12.0,83.69873038016746,18.989,12.929581642150879
17.720946550369263,12.0,85.29855881504001,18.989,12.929581642150879
17.922232151031494,12.0,85.19199039212388,18.99,12.891769409179688
18.123472452163696,12.0,85.08542283435122,18.991,12.884950637817383
18.325055599212646,12.0,84.9899978627274,18.99,12.876643180847168
18.527040481567383,12.0,88.18966054437796,18.99,12.876643180847168
18.72830557823181,12.0,88.09428191727963,18.987,12.862934112548828
18.929418563842773,12.0,88.00995151161088,18.985,12.828835487365723
19.130447387695312,12.0,87.91457400567306,18.982,12.821022033691406
19.33139967918396,12.0,91.11423610878403,18.982,12.821022033691406
19.532430171966553,12.0,89.43007430612384,18.98,12.811644554138184
19.7337384223938,12.0,89.34579157669491,18.978,12.797357559204102
19.935415983200073,12.0,89.27260443495823,18.974,12.780251502990723
20.13685703277588,12.0,92.47226448117136,18.974,12.780251502990723
20.338417768478394,12.0,92.39902874342182,18.969,12.7587308883667
20.539740324020386,12.0,92.3146984571262,18.966,12.757803916931152
20.7411048412323,12.0,92.24146275201406,18.964,12.760379791259766
20.94245219230652,12.0,95.44112559727495,18.964,12.760379791259766
21.14409065246582,12.0,95.37898442190902,18.964,12.763867378234863
21.34519386291504,12.0,93.7058706786936,18.965,12.747818946838379
21.546464204788208,12.0,93.64368410055346,18.966,12.738547325134277
21.747785806655884,12.0,96.84335120851081,18.966,12.738547325134277
21.949299097061157,12.0,96.78116689132452,18.968,12.737208366394043
22.150732040405273,12.0,96.7190256725438,18.969,12.728808403015137
22.35188388824463,12.0,96.6679790612611,18.972,12.727167129516602
22.553074598312378,12.0,99.86764985036913,18.972,12.727167129516602
22.75429081916809,12.0,99.77222481104081,18.975,12.701454162597656
22.955886840820312,12.0,99.73231463299899,18.978,12.677326202392578
23.157216787338257,12.0,98.08143313358953,18.982,12.679728507995605
23.35833978652954,12.0,101.28110354170258,18.982,12.679728507995605
23.559736013412476,12.0,101.24119358959501,18.987,12.65909194946289
23.76126003265381,12.0,101.20132817467429,18.989,12.661450386047363
23.962661266326904,12.0,101.16142078859892,18.991,12.657998085021973
24.163711309432983,12.0,104.36108793087205,18.991,12.657998085021973
24.3654842376709,12.0,104.3322745789451,18.992,12.649138450622559
24.567146062850952,12.0,102.6924895665187,18.995,12.645729064941406
24.769673347473145,12.0,102.66367778443552,18.998,12.595945358276367
24.971883535385132,12.0,105.86334328666987,18.998,12.595945358276367
25.172971487045288,12.0,105.84558063242234,19.001,12.578984260559082
25.37425661087036,12.0,105.81672340928249,19.002,12.582509994506836
25.575430393218994,12.0,105.78786619824618,19.004,12.570183753967285
25.777734518051147,12.0,107.38769980478664,19.004,12.570183753967285
25.978894472122192,12.0,107.36989371473938,19.007,12.566607475280762
26.180147647857666,12.0,107.35213110836611,19.012,12.58436393737793
26.38184118270874,12.0,107.33432579844799,19.017,12.574851036071777
26.58303189277649,12.0,110.53399710762692,19.017,12.574851036071777
26.784024477005005,12.0,110.51627600123804,19.021,12.577404022216797
26.98543643951416,12.0,110.49851342491014,19.027,12.543478965759277
27.186825037002563,12.0,110.49184546726988,19.034,12.54515552520752
27.388273000717163,12.0,113.69151747744789,19.034,12.54515552520752
27.590176582336426,12.0,113.67379598705612,19.042,12.540974617004395
27.791420221328735,12.0,112.06737792097145,19.05,12.535330772399902
27.993412017822266,12.0,112.06075387758686,19.058,12.520173072814941
28.194444179534912,12.0,115.26042204581582,19.058,12.520173072814941
28.395447492599487,12.0,115.2537975190272,19.063,12.489477157592773
28.596442699432373,12.0,115.25826831062653,19.068,12.493110656738281
28.79746675491333,12.0,115.26269503252543,19.073,12.469639778137207
28.998859167099,12.0,116.86252867610554,19.073,12.469639778137207
29.200313568115234,12.0,116.85590501477058,19.079,12.473076820373535
29.40147376060486,12.0,116.86033176802454,19.085,12.463903427124023
29.603201627731323,12.0,120.05999938243488,19.085,12.463903427124023
29.804436922073364,12.0,120.07552074127642,19.09,12.458778381347656
30.00544047355652,14.0,120.07994752718463,19.095,12.444622039794922
30.207131147384644,14.0,118.48449667939276,19.101,12.440372467041016
30.40883183479309,14.0,121.68416644290687,19.101,12.440372467041016
30.610111713409424,14.0,121.66640406676193,19.11,12.49194622039795
30.81218194961548,14.0,121.34904573611665,19.158,13.327180862426758
31.013429641723633,14.0,120.75440630287713,19.29,14.12558364868164
31.214966297149658,14.0,123.95407735839878,19.29,14.12558364868164
31.416314363479614,14.0,123.24849170814728,19.523,14.905557632446289
31.617404222488403,14.0,122.48756690629313,19.859,15.248936653137207
31.81872582435608,14.0,120.21558200918976,20.259,15.217169761657715
32.0204291343689,14.0,123.41524210194525,20.259,15.217169761657715
32.22186875343323,14.0,122.98717719955992,20.653,14.765326499938965
32.42310190200806,14.0,122.76976403293503,20.992,13.863134384155273
32.62483024597168,14.0,122.72981280739234,21.245,13.273691177368164
32.82593870162964,14.0,125.92946841059413,21.245,13.273691177368164
33.02731275558472,14.0,126.0224576988446,21.395,12.495622634887695
33.22890090942383,14.0,126.21526482479858,21.44,12.101944923400879
33.4302978515625,14.0,124.87473950044085,21.384,11.679764747619629
33.63139200210571,14.0,128.0744147461749,21.384,11.679764747619629
33.83265733718872,14.0,128.35595255656824,21.244,11.517656326293945
34.033875465393066,14.0,128.6263990870065,21.041,11.448634147644043
34.23581099510193,14.0,128.86365240934467,20.8,11.524235725402832
34.4368941783905,14.0,132.06334559410053,20.8,11.524235725402832
34.63842582702637,14.0,132.23407876205948,20.546,11.719999313354492
34.83988809585571,14.0,132.3382781004282,20.302,11.909412384033203
35.04145407676697,14.0,130.7650088874603,20.09,12.2477445602417
35.24318337440491,14.0,133.96470796665898,20.09,12.2477445602417
35.44474005699158,14.0,133.9136616235762,19.927,12.467663764953613
35.64585900306702,14.0,133.80717764202944,19.823,12.760421752929688
35.84738063812256,14.0,133.65629797886285,19.778,12.944684028625488
36.048927545547485,14.0,136.8559960291156,19.778,12.944684028625488
36.25045895576477,14.0,136.6607777203823,19.789,13.142608642578125
36.45197558403015,14.0,136.4544703649378,19.849,13.241991996765137
36.6534161567688,14.0,136.22597933106144,19.945,13.310973167419434
36.85542559623718,14.0,136.0307780274135,20.065,13.337911605834961
37.05779433250427,14.0,137.6306239963352,20.065,13.337911605834961
37.259193420410156,14.0,137.42433277303016,20.199,13.327255249023438
37.46050810813904,14.0,137.22911268670433,20.334,13.294957160949707
37.66200232505798,14.0,137.0560546579278,20.462,13.216704368591309
37.863210916519165,14.0,140.25574313832198,20.462,13.216704368591309
38.06473660469055,14.0,140.1048743909854,20.575,13.152369499206543
38.26642179489136,14.0,139.96507115743168,20.669,13.075928688049316
38.46800518035889,14.0,139.8363625958997,20.74,13.018512725830078
38.66911053657532,14.0,143.03605106334555,20.74,13.018512725830078
38.87016463279724,14.0,141.32965855172304,20.789,12.955388069152832
39.071677923202515,14.0,141.22313930076209,20.817,12.92074966430664
39.27290940284729,14.0,141.1165916672795,20.827,12.907868385314941
39.47424650192261,14.0,144.31628170023265,20.827,12.907868385314941
39.67541980743408,14.0,144.20973522388755,20.823,12.909110069274902
39.87646293640137,14.0,144.09209462998342,20.809,12.919536590576172
40.07797694206238,14.0,143.97448069362213,20.788,12.944442749023438
40.27918457984924,14.0,147.1741724806691,20.788,12.944442749023438
40.48163080215454,14.0,147.03436920271918,20.763,12.996979713439941
40.68261909484863,14.0,145.28362533546186,20.739,13.046761512756348
40.88409376144409,14.0,145.12163277153792,20.718,13.088434219360352
41.08543682098389,14.0,148.3213247615394,20.718,13.088434219360352
41.28665852546692,14.0,148.14828994469048,20.702,13.11853313446045
41.48902177810669,14.0,147.96413519670529,20.694,13.184466361999512
41.69071626663208,14.0,147.76891467272733,20.692,13.218765258789062
41.892162561416626,14.0,150.96860424509313,20.692,13.218765258789062
42.09386610984802,14.0,150.76229019451088,20.697,13.260391235351562
42.29543948173523,14.0,150.55594860463185,20.708,13.277384757995605
42.49720501899719,14.0,148.73870029394578,20.722,13.31571102142334
42.69842791557312,14.0,151.93838693261017,20.722,13.31571102142334
42.89965605735779,14.0,151.72095223808728,20.74,13.330503463745117
43.10087871551514,14.0,151.50348683939222,20.76,13.338207244873047
43.30236482620239,14.0,151.28605286555506,20.782,13.341894149780273
43.50430679321289,14.0,154.48573882006121,20.782,13.341894149780273
43.7057785987854,14.0,152.65733575598844,20.802,13.343387603759766
43.90714931488037,14.0,152.43983927013898,20.82,13.35456657409668
44.108461141586304,14.0,152.22237392512136,20.836,13.339006423950195
44.311052322387695,14.0,155.42206075096215,20.836,13.339006423950195
44.512322425842285,14.0,155.2045953761241,20.85,13.34974479675293
44.713717460632324,14.0,154.9760353721997,20.86,13.342864990234375
44.91531777381897,14.0,154.75857003873554,20.867,13.349271774291992
45.116504192352295,14.0,157.9582574475875,20.867,13.349271774291992
45.318963289260864,14.0,157.74079208465605,20.871,13.348072052001953
45.520681381225586,14.0,155.91238834524881,20.872,13.36267375946045
45.72201657295227,14.0,155.68382839651068,20.871,13.380331039428711
45.923285722732544,14.0,158.88351600867256,20.871,13.380331039428711
46.124330282211304,14.0,158.65498597728543,20.87,13.38548469543457
46.325677156448364,14.0,158.4153619277593,20.867,13.392553329467773
46.527194023132324,14.0,158.18683315870953,20.863,13.40014934539795
46.72840213775635,14.0,161.38651949004668,20.863,13.40014934539795
46.92973613739014,14.0,161.14689602623505,20.859,13.409126281738281
47.130919218063354,14.0,160.89617854649987,20.853,13.431334495544434
47.33226156234741,14.0,159.05668165265178,20.847,13.438724517822266
47.53344440460205,14.0,162.25636693638032,20.847,13.438724517822266
47.73472595214844,14.0,162.01671257887992,20.843,13.453845024108887
47.93588876724243,14.0,161.7548689538327,20.84,13.481575965881348
48.137240409851074,14.0,161.493025351913,20.838,13.488152503967285
48.33844804763794,14.0,164.69271121723804,20.838,13.488152503967285
48.5397515296936,14.0,164.43083666915197,20.837,13.512947082519531
48.741183280944824,14.0,164.16896254797422,20.836,13.503515243530273
48.942248582839966,14.0,162.30727531247123,20.834,13.515854835510254
49.144148111343384,14.0,165.5069625652547,20.834,13.515854835510254
49.34543299674988,14.0,165.234024212744,20.833,13.512548446655273
49.546990394592285,14.0,164.96108588162997,20.832,13.534589767456055
49.748263359069824,14.0,164.68814757544712,20.831,13.542784690856934
49.94941210746765,14.0,164.41523969597955,20.83,13.545300483703613
50.1504328250885,14.0,167.6149268134245,20.83,13.545300483703613
50.35150146484375,14.0,167.3420189099799,20.828,13.553532600402832
50.55347394943237,14.0,167.05801697825473,20.825,13.563222885131836
50.75484347343445,14.0,166.78511031272336,20.822,13.554325103759766
50.95638561248779,14.0,169.98479617866735,20.822,13.554325103759766
51.15734601020813,14.0,168.10095213332713,20.817,13.569250106811523
51.358417987823486,14.0,167.81691948178906,20.81,13.5767822265625
51.55944347381592,14.0,167.53288685628246,20.804,13.587380409240723
51.76086163520813,14.0,170.73257229141885,20.804,13.587380409240723
51.96235132217407,14.0,170.437444977001,20.798,13.608908653259277
52.16387891769409,14.0,170.1534123306359,20.793,13.627971649169922
52.364943504333496,14.0,169.85825368552452,20.786,13.633808135986328
52.56667494773865,14.0,173.05794022650858,20.786,13.633808135986328
52.76781630516052,14.0,172.7628128632897,20.779,13.629725456237793
52.96910214424133,14.0,170.86781152399237,20.771,13.63821792602539
53.17043685913086,14.0,170.56155925796108,20.764,13.634143829345703
53.37173342704773,14.0,173.76124707052983,20.764,13.634143829345703
53.57281541824341,14.0,173.4661196483848,20.758,13.640124320983887
53.77429723739624,14.0,173.15989759347687,20.753,13.658731460571289
53.97601890563965,14.0,172.85367556396918,20.746,13.65640926361084
54.177424907684326,14.0,176.05336382318896,20.746,13.65640926361084
54.378427028656006,14.0,175.74714175568695,20.739,13.674903869628906
54.58031463623047,14.0,175.4409491551892,20.732,13.691622734069824
54.78217172622681,14.0,175.1347571502637,20.724,13.700739860534668
54.98343276977539,14.0,178.33444476913274,20.724,13.700739860534668
55.18472909927368,14.0,176.41731452211835,20.715,13.713308334350586
55.38581418991089,14.0,176.11112341153063,20.706,13.708824157714844
55.58706545829773,14.0,175.79380699808831,20.697,13.697870254516602
55.788427114486694,14.0,175.47649061079056,20.689,13.708109855651855
55.989428758621216,14.0,178.67617719601947,20.689,13.708109855651855
56.190619468688965,14.0,178.35886076511343,20.682,13.716665267944336
56.39176154136658,14.0,178.0415443599985,20.674,13.720281600952148
56.59293603897095,14.0,177.72419752236542,20.667,13.726984024047852
56.794169187545776,14.0,180.92388510181084,20.667,13.726984024047852
56.995742321014404,14.0,178.99560036186003,20.659,13.749116897583008
57.19699287414551,14.0,178.6671598695792,20.651,13.742122650146484
57.39835333824158,14.0,178.33874871508806,20.644,13.763622283935547
57.59946322441101,14.0,181.53843745731163,20.644,13.763622283935547
57.80047798156738,14.0,181.2100262687914,20.639,13.77957534790039
58.00184512138367,14.0,180.88161510397694,20.634,13.778419494628906
58.203224897384644,14.0,180.50885442040166,20.628,13.773696899414062
58.404420375823975,14.0,183.70854303662955,20.628,13.773696899414062
58.605464220047,14.0,183.36903726032492,20.621,13.778882026672363
58.80741357803345,14.0,181.44081122155546,20.613,13.78278923034668
59.00944972038269,14.0,181.10133546961578,20.605,13.781813621520996
59.21123647689819,14.0,184.30102316046228,20.605,13.781813621520996
59.41241765022278,14.0,183.97264205873907,20.597,13.779022216796875
59.61343717575073,14.0,183.63316689072897,20.59,13.795741081237793
59.81445002555847,14.0,183.29369231169585,20.583,13.803448677062988
60.01583957672119,13.0,186.4933788407717,20.583,13.803448677062988
60.21695303916931,13.0,186.14277874509253,20.575,13.825275421142578
60.41793155670166,13.0,185.81436796833916,20.567,13.83503246307373
60.61930561065674,13.0,185.56361973805875,20.55,13.561407089233398
60.820460081100464,13.0,187.16346314618846,20.55,13.561407089233398
61.021719217300415,13.0,187.07910435587567,20.508,13.213424682617188
61.22299098968506,13.0,187.1056341928186,20.427,12.657700538635254
61.42407464981079,13.0,187.13216804384743,20.302,12.463464736938477
61.625138998031616,13.0,190.33185871352643,20.302,12.463464736938477
61.82642960548401,13.0,190.21411688004247,20.154,12.808262825012207
62.02785086631775,13.0,189.99655653234635,20.006,13.066841125488281
62.229321002960205,13.0,189.71245644585179,19.881,13.426458358764648
62.43078970909119,13.0,192.91215234965995,19.881,13.426458358764648
62.63273310661316,13.0,190.96166100572108,19.798,13.64343547821045
62.83403730392456,13.0,190.57779700622953,19.761,13.88870620727539
63.03525233268738,13.0,190.16064951825646,19.767,13.983922004699707
63.2364661693573,13.0,189.74354788749375,19.807,14.062155723571777
63.43830943107605,13.0,192.94324267782054,19.807,14.062155723571777
63.63976287841797,13.0,192.5261683194467,19.874,14.083593368530273
63.84140706062317,13.0,192.1312645774439,19.955,14.065192222595215
64.04272651672363,13.0,191.75855436633822,20.041,14.013625144958496
64.24376153945923,13.0,194.95824526202134,20.041,14.013625144958496
64.44493341445923,13.0,194.61882181062705,20.122,13.884820938110352
64.64612317085266,13.0,192.7017183619843,20.19,13.786857604980469
64.84742736816406,13.0,192.41771573651673,20.241,13.666874885559082
65.048654794693,13.0,195.61740394295805,20.241,13.666874885559082
65.25028967857361,13.0,195.3555906141357,20.272,13.577978134155273
65.45232629776001,13.0,195.11590780512967,20.282,13.476553916931152
65.65377521514893,13.0,194.88737854055594,20.271,13.431562423706055
65.85486268997192,13.0,198.0870666870709,20.271,13.431562423706055
66.05628252029419,13.0,197.8695735846532,20.242,13.380814552307129
66.2574110031128,13.0,197.66317551321762,20.198,13.326254844665527
66.45841932296753,13.0,195.85696151200534,20.142,13.316532135009766
66.65944290161133,13.0,199.0566507552432,20.142,13.316532135009766
66.86043906211853,13.0,198.8502532619736,20.08,13.32081127166748
67.06221342086792,13.0,198.63278915524373,20.015,13.338089942932129
67.26340436935425,13.0,198.4042585304955,19.95,13.345500946044922
67.46443581581116,13.0,201.60394816811075,19.95,13.345500946044922
67.66542339324951,13.0,201.36429478694154,19.89,13.37680721282959
67.86690783500671,13.0,201.12466957110996,19.837,13.409801483154297
68.06842064857483,13.0,200.87395020557454,19.792,13.457231521606445
68.2694160938263,13.0,202.4737947009553,19.792,13.457231521606445
68.47068786621094,13.0,202.2230755869918,19.756,13.465874671936035
68.67186141014099,13.0,201.96126232551498,19.729,13.501195907592773
68.87392830848694,13.0,201.6994495711443,19.709,13.503875732421875
69.07585501670837,13.0,201.4265426788756,19.696,13.53759479522705
69.27692103385925,13.0,204.62623003100933,19.696,13.53759479522705
69.47869062423706,13.0,204.3643876419807,19.689,13.522115707397461
69.68035173416138,13.0,204.10254527254492,19.686,13.520334243774414
69.88175415992737,13.0,203.8407029272936,19.686,13.504079818725586
70.08282518386841,13.0,207.0403906854607,19.686,13.504079818725586
70.28384113311768,13.0,205.17870439171733,19.688,13.480108261108398
70.48524308204651,13.0,204.92792707055028,19.689,13.493170738220215
70.68656849861145,13.0,204.68824474977453,19.69,13.452646255493164
70.88802647590637,13.0,207.8879335527342,19.69,13.452646255493164
71.08979201316833,13.0,207.6371573405438,19.687,13.456244468688965
71.29105067253113,13.0,207.39747613435765,19.683,13.427356719970703
71.49239611625671,13.0,207.15779527976125,19.676,13.425519943237305
71.69414281845093,13.0,210.35748574426387,19.676,13.425519943237305
71.89542484283447,13.0,210.12892722874622,19.668,13.407341003417969
72.09643054008484,13.0,208.30055105675243,19.658,13.387490272521973
72.29818296432495,13.0,208.08308728120576,19.646,13.390299797058105
72.49947142601013,13.0,211.28277745056357,19.646,13.390299797058105
72.70095610618591,13.0,211.05424661919315,19.633,13.3911771774292
72.90243601799011,13.0,210.81462160203375,19.618,13.367308616638184
73.1036651134491,13.0,210.58609171435455,19.603,13.383061408996582
73.30480670928955,13.0,213.78578096817841,19.603,13.383061408996582
73.50611448287964,13.0,213.55727991790724,19.589,13.375798225402832
73.70727348327637,13.0,213.3287509232255,19.576,13.389120101928711
73.9089515209198,13.0,211.4892839987157,19.565,13.374307632446289
74.11095881462097,13.0,214.68897163476257,19.565,13.374307632446289
74.31229639053345,13.0,214.4604433385248,19.556,13.388352394104004
74.5134220123291,13.0,214.23191551218088,19.547,13.391404151916504
74.71453809738159,13.0,214.0033574522573,19.539,13.375360488891602
74.91644930839539,13.0,217.20304459987068,19.539,13.375360488891602
75.11820220947266,13.0,216.98558116569427,19.533,13.382590293884277
75.31926465034485,13.0,216.75702310639915,19.527,13.375775337219238
75.52042984962463,13.0,216.52846506764067,19.523,13.346124649047852
75.72150921821594,13.0,218.12830878045145,19.523,13.346124649047852
75.92260479927063,13.0,217.9108156125097,19.52,13.337803840637207
76.12389993667603,13.0,217.6822575624477,19.517,13.348457336425781
76.32529807090759,13.0,217.4647941770526,19.516,13.353537559509277
76.52688837051392,13.0,220.66448230777212,19.516,13.353537559509277
76.72798919677734,13.0,220.4359242593971,19.514,13.364073753356934
76.92941164970398,13.0,220.21846087989042,19.514,13.361663818359375
77.13043022155762,13.0,220.00099751876465,19.515,13.339024543762207
77.33178806304932,13.0,219.7835636963967,19.515,13.33721923828125
77.53334784507751,13.0,222.98325174902388,19.515,13.33721923828125
77.73442912101746,13.0,221.16594435138458,19.516,13.321808815002441
77.93645405769348,13.0,220.95957570664604,19.516,13.30288028717041
78.13761520385742,13.0,220.7532070806063,19.516,13.299339294433594
78.33868503570557,13.0,223.95289527719675,19.516,13.299339294433594
78.53997468948364,13.0,223.73543198932782,19.514,13.29004955291748
78.74134969711304,13.0,223.52906336980703,19.511,13.284770965576172
78.94241428375244,13.0,223.32269476650893,19.509,13.28003978729248
79.14375734329224,13.0,226.52238334017238,19.509,13.28003978729248
79.34491753578186,13.0,226.31601472679915,19.508,13.27935791015625
79.54631924629211,13.0,224.5098018178168,19.507,13.288081169128418
79.747718334198,13.0,224.30343325463022,19.507,13.299375534057617
79.94885969161987,13.0,227.50312196731497,19.507,13.299375534057617
80.1504271030426,13.0,227.29678230434115,19.507,13.299052238464355
80.35143804550171,13.0,227.09044307585734,19.507,13.290966987609863
80.55241632461548,13.0,226.89519892922604,19.506,13.281073570251465
80.75342631340027,13.0,230.09488678149188,19.506,13.281073570251465
80.95444941520691,13.0,228.29979885793875,19.505,13.25953197479248
81.15611553192139,13.0,228.1045553508673,19.505,13.251998901367188
81.35723781585693,13.0,227.90931227718798,19.504,13.260174751281738
81.55849146842957,13.0,231.1089990175563,19.504,13.260174751281738
81.75976943969727,13.0,230.91375591716002,19.502,13.260830879211426
81.96100425720215,13.0,230.71848225488904,19.501,13.25147533416748
82.162273645401,13.0,230.52320861233622,19.501,13.257267951965332
82.36343240737915,13.0,233.72289533588676,19.501,13.257267951965332
82.56463074684143,13.0,233.52762167933707,19.502,13.245529174804688
82.76593542098999,13.0,233.33234804214743,19.504,13.23256778717041
82.96702361106873,13.0,231.5483256849977,19.507,13.243184089660645
83.16842865943909,13.0,234.7480125662934,19.507,13.243184089660645
83.36944961547852,13.0,234.5638034621858,19.51,13.237849235534668
83.57069730758667,13.0,234.36850003759287,19.513,13.24565601348877
83.77214503288269,13.0,234.1732264063897,19.515,13.237569808959961
83.97346496582031,13.0,237.37291449105243,19.515,13.237569808959961
84.1750922203064,13.0,237.18873549756177,19.517,13.211631774902344
84.37720203399658,13.0,237.0045859925521,19.52,13.213759422302246
84.57844710350037,13.0,235.20946855476902,19.523,13.20666217803955
84.77950954437256,13.0,238.40915638350074,19.523,13.20666217803955
84.98043727874756,13.0,238.22497745429044,19.527,13.201215744018555
85.18190503120422,13.0,238.04079853981546,19.529,13.203959465026855
85.38307929039001,13.0,237.85661964360753,19.532,13.199324607849121
85.58497405052185,13.0,241.05630784482432,19.532,13.199324607849121
85.78611850738525,13.0,240.8721289430576,19.534,13.216387748718262
85.98721289634705,13.0,240.69904470442702,19.538,13.212814331054688
86.18831276893616,13.0,240.51486583776597,19.542,13.194725036621094
86.38945364952087,13.0,240.34175257094935,19.546,13.187024116516113
86.59076237678528,13.0,243.54144149104968,19.546,13.187024116516113
86.79247403144836,13.0,241.75738956048332,19.55,13.177525520324707
86.99380469322205,13.0,241.58427711008167,19.554,13.182686805725098
87.19480872154236,13.0,241.4111649785407,19.558,13.182002067565918
87.39610195159912,13.0,244.6108551433894,19.558,13.182002067565918
87.59750723838806,13.0,244.42667624201002,19.561,13.17153263092041
87.79914999008179,13.0,244.253592008935,19.565,13.15573501586914
88.00067472457886,13.0,244.0805353958773,19.568,13.149968147277832
88.20245623588562,13.0,247.2802255195387,19.568,13.149968147277832
88.40391302108765,13.0,247.10714132135377,19.573,13.150895118713379
88.60489273071289,13.0,245.33423985029756,19.578,13.171026229858398
88.80651354789734,13.0,245.16121236287674,19.584,13.163825988769531
89.00848150253296,13.0,248.36090152230753,19.584,13.163825988769531
89.20992803573608,13.0,248.18784590219622,19.589,13.156281471252441
89.41174054145813,13.0,248.02591448050833,19.594,13.15211009979248
89.61303234100342,13.0,247.85285999302198,19.598,13.137258529663086
89.81415963172913,13.0,251.05254800766187,19.598,13.137258529663086
90.01516103744507,16.0,250.89061796922874,19.602,13.151601791381836
90.21669054031372,16.0,250.72865884511126,19.606,13.135454177856445
90.4181957244873,16.0,248.95573150209384,19.611,13.17889404296875
90.61974430084229,16.0,252.15541851718015,19.611,13.17889404296875
90.82107019424438,16.0,251.7382525135164,19.639,13.62416934967041
91.02221322059631,16.0,250.9993419370189,19.735,14.77073860168457
91.22344517707825,16.0,250.14954646297528,19.92,15.34613037109375
91.42468047142029,16.0,253.34923287055884,19.92,15.34613037109375
91.62582874298096,16.0,252.41071278485427,20.206,15.917777061462402
91.82747960090637,16.0,249.85016526648684,20.575,16.140522003173828
92.02975106239319,16.0,248.889464154438,20.996,16.266374588012695
92.23146176338196,16.0,252.0891466366646,20.996,16.266374588012695
92.43288064002991,16.0,251.17282636293038,21.441,16.236860275268555
92.63419008255005,16.0,250.36738472991965,21.877,15.911136627197266
92.83586549758911,16.0,249.79489509046564,22.253,15.373576164245605
93.0376968383789,16.0,252.9945759721518,22.253,15.373576164245605
93.238774061203,16.0,252.65500392437656,22.537,14.387687683105469
93.44012975692749,16.0,252.50394198283976,22.713,13.769448280334473
93.64122438430786,16.0,252.44155328474292,22.774,13.012077331542969
93.84242963790894,16.0,254.04139697581113,22.774,13.012077331542969
94.04344391822815,16.0,254.08994992256768,22.722,12.485166549682617
94.24441528320312,16.0,254.1939787194955,22.573,12.277676582336426
94.44541144371033,16.0,254.28696620699898,22.346,12.191411018371582
94.64642930030823,16.0,257.48666276453974,22.346,12.191411018371582
94.84742546081543,16.0,257.5352826619806,22.067,12.25535774230957
95.04853701591492,16.0,257.5174104290785,21.76,12.527501106262207
95.24990653991699,16.0,257.41080940682525,21.455,12.761911392211914
95.45146989822388,16.0,257.21548549944845,21.178,13.17573070526123
95.65240836143494,16.0,260.4151876234095,21.178,13.17573070526123
95.85344457626343,16.0,258.50910419127666,20.951,13.461913108825684
96.0548357963562,16.0,258.1252206644435,20.787,13.867576599121094
96.25644159317017,16.0,257.6636980697023,20.694,14.10409164428711
96.45805168151855,16.0,260.8634000535959,20.694,14.10409164428711
96.6597032546997,16.0,260.3464050780998,20.673,14.39268970489502
96.86144065856934,16.0,259.79615480513604,20.714,14.536762237548828
97.06291604042053,16.0,259.2126258299139,20.805,14.680322647094727
97.26442909240723,16.0,262.41232617088804,20.805,14.680322647094727
97.46578335762024,16.0,261.85099115754934,20.932,14.73558235168457
97.66685104370117,16.0,261.2785668202225,21.084,14.742445945739746
97.86793112754822,16.0,259.1062800034037,21.245,14.735307693481445
98.06905150413513,16.0,262.30597804760686,21.245,14.735307693481445
98.27040529251099,16.0,261.76682701699815,21.403,14.660187721252441
98.47145938873291,16.0,261.238753351811,21.551,14.616907119750977
98.67297267913818,16.0,260.73284971161456,21.682,14.518577575683594
98.87446808815002,16.0,263.93254640434566,21.682,14.518577575683594
99.07575607299805,16.0,263.43771701378364,21.788,14.446246147155762
99.27743005752563,16.0,261.365228650498,21.869,14.375234603881836
99.47870707511902,16.0,260.89258866663346,21.923,14.34730052947998
99.68018412590027,16.0,264.09228536801425,21.923,14.34730052947998
99.88134384155273,16.0,263.6307400524128,21.953,14.333073616027832
100.08246111869812,16.0,263.15807981953174,21.962,14.316208839416504
100.28440427780151,16.0,262.68543984140115,21.953,14.325356483459473
100.48586845397949,16.0,265.88513689193877,21.953,14.325356483459473
100.68685269355774,16.0,265.41249690855153,21.931,14.343658447265625
100.88802218437195,16.0,264.9065930599724,21.899,14.41313648223877
101.0894603729248,16.0,264.4006691408745,21.861,14.461784362792969
101.29123783111572,16.0,266.000517570219,21.861,14.461784362792969
101.49245047569275,16.0,265.4724247184363,21.821,14.526811599731445
101.69346594810486,16.0,264.9221429389303,21.784,14.584427833557129
101.89482188224792,16.0,264.36078834422585,21.753,14.661624908447266
102.0961983203888,16.0,267.5604842441194,21.753,14.661624908447266
102.2974488735199,16.0,266.9769193720603,21.729,14.717516899108887
102.49845051765442,16.0,266.38223838472607,21.712,14.795825004577637
102.69989228248596,16.0,265.77648468911167,21.701,14.840250968933105
102.90117335319519,16.0,268.9761801616735,21.701,14.840250968933105
103.10212802886963,16.0,266.74836748971876,21.696,14.900200843811035
103.30385422706604,16.0,266.1204026096651,21.697,14.936387062072754
103.50544476509094,16.0,265.4813211345008,21.703,14.968108177185059
103.70713567733765,16.0,264.83114522717585,21.713,14.975887298583984
103.9088044166565,16.0,268.030841149442,21.713,14.975887298583984
104.1102020740509,16.0,267.38068687616595,21.726,15.002814292907715
104.31145167350769,16.0,266.73051139540047,21.739,15.025688171386719
104.51241445541382,16.0,266.08033615113527,21.75,15.040162086486816
104.71344423294067,16.0,269.2800326535847,21.75,15.040162086486816
104.9148154258728,16.0,267.0189353976546,21.758,15.031949043273926
105.1163387298584,16.0,266.3577074073004,21.762,15.060750007629395
105.31798148155212,16.0,265.6853428614872,21.765,15.073929786682129
105.5193498134613,16.0,268.88503933725025,21.765,15.073929786682129
105.72124195098877,16.0,268.22381121610607,21.766,15.087218284606934
105.9227454662323,16.0,267.5514888700733,21.763,15.083483695983887
106.12419724464417,16.0,266.8791669704717,21.756,15.088284492492676
106.32538056373596,16.0,270.0788627617186,21.756,15.088284492492676
106.52681016921997,16.0,269.40651936486296,21.744,15.10906982421875
106.72822332382202,16.0,268.7230813320236,21.73,15.133867263793945
106.92965173721313,16.0,266.43979547874324,21.713,15.153064727783203
107.13076972961426,16.0,269.63949123553283,21.713,15.153064727783203
107.33219122886658,16.0,268.9449585740692,21.694,15.17009449005127
107.53345561027527,16.0,268.25042594474036,21.675,15.195837020874023
107.7350823879242,16.0,267.54479867994974,21.657,15.226655960083008
107.9363911151886,16.0,270.74449450927403,21.657,15.226655960083008
108.13802814483643,16.0,270.0499618956639,21.64,15.255906105041504
108.33911514282227,16.0,269.33323997802967,21.621,15.265759468078613
108.54044485092163,16.0,268.6165180940259,21.603,15.284896850585938
108.74191498756409,16.0,271.81621398952683,21.603,15.284896850585938
108.94341492652893,16.0,269.4885494721608,21.584,15.30550479888916
109.14485144615173,16.0,268.76075465442744,21.565,15.319583892822266
109.34609580039978,16.0,268.03296029711225,21.547,15.353014945983887
109.54715490341187,16.0,267.28297707452384,21.532,15.371556282043457
109.74824094772339,16.0,270.48267209285297,21.532,15.371556282043457
109.94946837425232,16.0,269.743783677962,21.517,15.407090187072754
110.15074825286865,16.0,268.9938010677975,21.502,15.420841217041016
110.35201597213745,16.0,268.2327009902822,21.487,15.42642593383789
110.55371522903442,16.0,271.4323955342845,21.487,15.42642593383789
110.7549262046814,16.0,270.68239009946456,21.472,15.425779342651367
110.95589804649353,16.0,268.3214427911404,21.456,15.44074535369873
111.15687870979309,16.0,267.5492481306705,21.439,15.453572273254395
111.35815358161926,16.0,270.74894262113145,21.439,15.453572273254395
111.55943942070007,16.0,269.9878197808987,21.424,15.497300148010254
111.76068902015686,16.0,269.2156024898491,21.409,15.5057373046875
111.96168875694275,16.0,268.4322907494566,21.394,15.516715049743652
112.16302061080933,16.0,271.6319861027076,21.394,15.516715049743652
112.36464762687683,16.0,270.8597694476136,21.378,15.513876914978027
112.56600141525269,16.0,268.4766104335355,21.361,15.520079612731934
112.76730632781982,16.0,267.6933209155692,21.343,15.545939445495605
112.96843814849854,16.0,270.893016730693,21.343,15.545939445495605
113.16976690292358,16.0,270.0986325291323,21.326,15.552200317382812
113.37139439582825,16.0,269.31534303147,21.31,15.562616348266602
113.57249236106873,16.0,268.5209589030611,21.293,15.56985092163086
113.77418041229248,16.0,271.72065476739795,21.293,15.56985092163086
113.97541904449463,16.0,270.915197477924,21.276,15.586265563964844
114.17641758918762,16.0,270.1208353215433,21.257,15.625866889953613
114.37829542160034,16.0,267.7155090940744,21.237,15.636428833007812
114.5794095993042,16.0,270.9152043838017,21.237,15.636428833007812
114.78049921989441,16.0,270.0986533176372,21.218,15.645101547241211
114.98206400871277,16.0,269.29317481963744,21.2,15.645673751831055
115.18381094932556,16.0,268.47660169605894,21.183,15.657662391662598
115.38515520095825,16.0,271.6762967742868,21.183,15.657662391662598
115.58681321144104,16.0,270.8597014909456,21.165,15.660090446472168
115.78801012039185,16.0,270.0431064172029,21.147,15.676298141479492
115.98945164680481,16.0,269.2153955347159,21.127,15.693038940429688
116.19081830978394,16.0,268.3877064620081,21.107,15.710001945495605
116.39289855957031,16.0,271.5874028066357,21.107,15.710001945495605
116.59413409233093,16.0,269.1598658489926,21.087,15.707984924316406
116.7954421043396,16.0,268.33217730606077,21.066,15.709638595581055
116.99645686149597,16.0,267.504509232971,21.047,15.718478202819824
117.19777703285217,16.0,270.7042060083804,21.047,15.718478202819824
117.3988573551178,16.0,269.86544325328595,21.03,15.741170883178711
117.60038685798645,16.0,269.0266805354881,21.013,15.755630493164062
117.80176782608032,16.0,268.1768231843445,20.996,15.75940227508545
118.00304079055786,16.0,271.3765199951874,20.996,15.75940227508545
118.20434808731079,16.0,268.93792934738815,20.979,15.762807846069336
118.4054057598114,16.0,268.08809293827636,20.96,15.7798433303833
118.60640287399292,16.0,267.260446336165,20.943,15.786735534667969
118.80781888961792,16.0,270.46014234983653,20.943,15.786735534667969
119.00909185409546,16.0,269.6102852646592,20.926,15.79247760772705
119.21087527275085,16.0,268.74933355194804,20.911,15.801410675048828
119.41219186782837,16.0,267.8994765425358,20.896,15.812277793884277
119.61343359947205,16.0,271.0991725912872,20.896,15.812277793884277
119.81511878967285,16.0,270.2382208991042,20.881,15.816787719726562
120.01691246032715,15.0,267.7884947563083,20.865,15.841398239135742
120.21846461296082,15.0,266.9275015732558,20.847,15.855477333068848
120.41973638534546,15.0,270.12719829936606,20.847,15.855477333068848
120.6209831237793,15.0,269.3438890540983,20.829,15.548295974731445
120.8225028514862,15.0,268.7602645416435,20.793,15.118019104003906
121.0238299369812,15.0,268.3208718525312,20.722,14.451679229736328
121.22494101524353,15.0,271.5205698099004,20.722,14.451679229736328
121.42600655555725,15.0,271.13663418230874,20.603,14.247788429260254
121.62765169143677,15.0,270.53077460021797,20.445,14.696779251098633
121.8291187286377,15.0,268.2474395341,20.278,14.963604927062988
122.03044533729553,15.0,271.44713970450096,20.278,14.963604927062988
122.23143768310547,15.0,270.6749000564509,20.128,15.365592956542969
122.43335247039795,15.0,269.8250420288026,20.015,15.595731735229492
122.63465452194214,15.0,268.9308053076987,19.946,15.870259284973145
122.83581614494324,15.0,272.1305060229428,19.946,15.870259284973145
123.03714847564697,15.0,271.2030296638256,19.919,15.998869895935059
123.23895025253296,15.0,268.6646284013773,19.931,16.10951805114746
123.44067072868347,15.0,271.8643278229232,19.931,16.10951805114746
123.64189863204956,15.0,270.9257812181357,19.972,16.130186080932617
123.84309935569763,15.0,269.99833469191316,20.035,16.114652633666992
124.04423761367798,15.0,269.09306282335183,20.108,16.070737838745117
124.24585914611816,15.0,268.2099834893645,20.182,15.97081470489502
124.4474663734436,15.0,269.8098316120911,20.182,15.97081470489502
124.6488447189331,15.0,268.96001739879034,20.249,15.885577201843262
124.85015606880188,15.0,268.132371988716,20.305,15.748940467834473
125.05140829086304,15.0,267.3379889202583,20.345,15.677945137023926
125.25293111801147,15.0,270.53768439519183,20.345,15.677945137023926
125.45409321784973,15.0,269.7654690128027,20.367,15.547282218933105
125.65544295310974,15.0,269.0154645510526,20.37,15.477405548095703
125.85642552375793,15.0,268.2654175657418,20.356,15.402173042297363
126.05826425552368,15.0,269.8652656855999,20.356,15.402173042297363
126.25949478149414,15.0,269.13740928735155,20.325,15.361889839172363
126.46141147613525,15.0,268.40957380895736,20.281,15.329122543334961
126.66242051124573,15.0,267.68171893598895,20.228,15.32533073425293
126.86345148086548,15.0,270.88141638206804,20.228,15.32533073425293
127.06464624404907,15.0,270.1535818144563,20.168,15.330131530761719
127.26653099060059,15.0,269.4257663660998,20.105,15.330934524536133
127.46830582618713,15.0,268.6868562798042,20.042,15.367921829223633
127.66944622993469,15.0,271.88655400225275,20.042,15.367921829223633
127.87067198753357,15.0,269.53670037483545,19.981,15.38150691986084
128.07175612449646,15.0,268.78669566173613,19.925,15.40816593170166
128.2728409767151,15.0,268.02561560450437,19.874,15.422042846679688
128.47425389289856,15.0,271.22531305933313,19.874,15.422042846679688
128.6752552986145,15.0,270.46423318022374,19.831,15.454414367675781
128.87648820877075,15.0,269.6920590788591,19.794,15.472845077514648
129.07788252830505,15.0,268.91986528104854,19.763,15.47947883605957
129.27908897399902,15.0,272.1195623170137,19.763,15.47947883605957
129.48029446601868,15.0,271.3030098156542,19.74,15.496281623840332
129.68126964569092,15.0,270.5197013968803,19.723,15.508325576782227
129.88267946243286,15.0,268.14765918416833,19.71,15.515999794006348
130.0841464996338,15.0,271.347356170478,19.71,15.515999794006348
130.28544878959656,15.0,270.57516243974277,19.702,15.516263961791992
130.48643159866333,15.0,269.8029294857536,19.695,15.515045166015625
130.6879541873932,15.0,269.03069756712705,19.69,15.488792419433594
130.8891372680664,15.0,272.2303955109014,19.69,15.488792419433594
131.0903296470642,15.0,271.4692778452899,19.685,15.469033241271973
131.29223155975342,15.0,270.70814252507205,19.68,15.455178260803223
131.4932782649994,15.0,268.34717621748564,19.675,15.44123649597168
131.69454216957092,15.0,271.5468749813484,19.675,15.44123649597168
131.89571285247803,15.0,270.79685303261357,19.668,15.43297004699707
132.09685826301575,15.0,270.0468313228879,19.66,15.431083679199219
132.29846119880676,15.0,269.2968266072544,19.651,15.419734954833984
132.49978256225586,15.0,272.49652581034,19.651,15.419734954833984
132.70087814331055,15.0,271.7576157655821,19.639,15.407279014587402
132.90248227119446,15.0,271.02981737227185,19.627,15.399900436401367
133.10385942459106,15.0,270.29092473148677,19.613,15.382174491882324
133.3051962852478,15.0,271.89077413535574,19.613,15.382174491882324
133.50636458396912,15.0,271.1518818055201,19.6,15.396923065185547
133.70751786231995,15.0,270.41300811736494,19.586,15.372843742370605
133.909113407135,15.0,269.67411700944007,19.572,15.374007225036621
134.11050987243652,15.0,268.9352455747346,19.558,15.371186256408691
134.31195402145386,15.0,272.1349430465623,19.558,15.371186256408691
134.5132281780243,15.0,271.3960529106206,19.545,15.372705459594727
134.71500444412231,15.0,270.65714349884433,19.532,15.37219524383545
134.91644835472107,15.0,269.91825389276636,19.522,15.383035659790039
135.1174635887146,15.0,271.51810239921076,19.522,15.383035659790039
135.31867265701294,15.0,270.7791930826965,19.512,15.364228248596191
135.52023935317993,15.0,270.04028379848694,19.505,15.375514030456543
135.72140097618103,15.0,273.2399808616762,19.505,15.375514030456543
135.92245817184448,15.0,272.51212736151183,19.498,15.363603591918945
136.1240108013153,15.0,271.77319895864133,19.493,15.355624198913574
136.32522630691528,15.0,271.034252314655,19.489,15.361711502075195
136.52628254890442,15.0,270.3064193022214,19.487,15.356706619262695
136.72808980941772,15.0,271.9062684872535,19.487,15.356706619262695
136.92943835258484,15.0,271.1673411318299,19.485,15.362482070922852
137.1306962966919,15.0,270.4395086837308,19.484,15.355411529541016
137.33180022239685,15.0,269.7116938174698,19.484,15.344491004943848
137.53342485427856,15.0,272.9113926071729,19.484,15.344491004943848
137.73476648330688,15.0,272.1835777376783,19.482,15.337113380432129
137.9362018108368,15.0,271.455762895498,19.48,15.317588806152344
138.13734769821167,15.0,270.727948084165,19.477,15.325430870056152
138.33844804763794,15.0,273.9276469124903,19.477,15.325430870056152
138.53990149497986,15.0,273.21094418786623,19.475,15.30894947052002
138.74131083488464,15.0,270.89439269624677,19.474,15.28528118133545
138.9423987865448,15.0,270.1776909500447,19.472,15.278645515441895
139.14342522621155,15.0,273.37738912251376,19.472,15.278645515441895
139.34449434280396,15.0,272.66068755319753,19.47,15.27328872680664
139.54569816589355,15.0,271.94396769711057,19.468,15.271828651428223
139.7470464706421,15.0,271.2161532036893,19.466,15.276777267456055
139.94838190078735,15.0,274.41585120458626,19.466,15.276777267456055
140.15012121200562,15.0,273.6991313721643,19.465,15.278160095214844
140.35163378715515,15.0,272.9824115691316,19.466,15.279646873474121
140.55281281471252,15.0,272.27678646179857,19.467,15.2760648727417
140.75424456596375,15.0,273.8766354673499,19.467,15.2760648727417
140.95542311668396,15.0,273.15991570392237,19.47,15.270474433898926
141.1567189693451,15.0,272.44319597270885,19.473,15.2660551071167
141.3578724861145,15.0,271.7375896701491,19.475,15.246292114257812
141.55919885635376,15.0,274.93728747101983,19.475,15.246292114257812
141.76042127609253,15.0,274.23166247698924,19.476,15.244516372680664
141.962016582489,15.0,273.5260564261941,19.477,15.252477645874023
142.16327476501465,15.0,272.8204508042953,19.478,15.233540534973145
142.36466431617737,15.0,272.114825997576,19.48,15.226611137390137
142.5667827129364,15.0,275.314523365292,19.48,15.226611137390137
142.76784133911133,15.0,273.02014452923265,19.483,15.223573684692383
142.9688892364502,15.0,272.31451976308915,19.486,15.227474212646484
143.17077445983887,15.0,271.6088950280601,19.488,15.226780891418457
143.37217545509338,15.0,274.808592362375,19.488,15.226780891418457
143.57394218444824,15.0,274.1251377741433,19.489,15.22595500946045
143.77519130706787,15.0,273.43058875472957,19.491,15.214280128479004
143.97711420059204,15.0,272.7249453038426,19.493,15.226304054260254
144.17886877059937,15.0,275.9246433539923,19.493,15.226304054260254
144.38040614128113,15.0,275.2300949886498,19.496,15.223050117492676
144.5814847946167,15.0,272.93571568290605,19.499,15.206549644470215
144.78346395492554,15.0,272.25226211357943,19.503,15.193811416625977
144.98482131958008,15.0,275.45196056025554,19.503,15.193811416625977
145.18600487709045,15.0,274.7574482925965,19.506,15.19440746307373
145.38742542266846,15.0,274.07401284063553,19.507,15.186836242675781
145.58874011039734,15.0,273.37950106820347,19.509,15.180265426635742
145.79021883010864,15.0,276.579199139827,19.509,15.180265426635742
145.9916501045227,15.0,275.89578220972146,19.512,15.17851734161377
146.19344997406006,15.0,273.61253610412655,19.515,15.169054985046387
146.39482712745667,15.0,272.91804570096775,19.519,15.160341262817383
146.59629940986633,15.0,276.1177426292283,19.519,15.160341262817383
146.79772758483887,15.0,275.43434782078793,19.523,15.17409610748291
146.9990861415863,15.0,274.750933504908,19.526,15.162666320800781
